label	chip	app	security	app_bytes	app_sha256	sdkconfig_sha256	static_free_B
h0-bridge-c3-devram	esp32c3	bridge_node	dev-ram	1366992	1184b055713f6bea353881282d948a4a91302079e9d4b5ad5ad9f1de0223d891	84a3849a5fb1c3f60ccfcf6b6b25e751347679d1adffa01bc219d6fae46fb529	27808
h0-bridge-c3-devram-drop-n3	esp32c3	bridge_node	dev-ram	1367232	fcbafe75da8d9f68c2a01aa53afd579316af6490adc8dde52997d6c625b146b3	73b3b010e806f3680e20039e218e5a92f516aceb29ba460530e233dfa4ec9dd9	27808
h0-bridge-c3-devram-obs	esp32c3	bridge_node	dev-ram	1367008	5c625a210f1d5586c1fe92a807438c49cb197d2887ed6f66bfacf17050fac365	04d0058c4dd6d6c6ae96b9531e2223d563b34fe1e4cb609cedccb8a759d2f46d	27808
h0-bridge-c3-devram-obs-drop-n3	esp32c3	bridge_node	dev-ram	1367232	263e6bd50c9f762d679c521e431d1d687c1e9986c4d60f41814a6bb0c7490a22	0e8517c359bd8a55925521d09afd6635d912dc078f6aa4727a5025c592a13c69	27808
h0-bridge-c3-member	esp32c3	bridge_node	member-edhoc	1365120	367a047f5698eb0a269b9dc80cd91c3cdc3eaee5941d55341ad2869b720ad965	746ccc112320faa92885fd5192ebacd467e6ec3e107ccbbb71a7dc795de268c0	27792
h0-bridge-c3-member-obs	esp32c3	bridge_node	member-edhoc	1365120	72b7f60abc498b29b69ac4c86c77fc3ecc7c0d2d9682ed99fabdc00867cdefab	9939be60424fd4e0c87f4d813524254d2349013ebd40480b579599021207b9e7	27792
h0-bridge-c6-member	esp32c6	bridge_node	member-edhoc	1501952	34ebc748ef20bdd2db16bc316b09dbbddb7665b35812d9db9f23bd45426a8b6c	72981c4ced0453cb2c3c3f26aeefa19d89a27cea1e2d3f60f634b5215398155b	n/a
h0-c6-n2-devram-relay	esp32c6	reference_node	dev-ram	1420192	3486041f7395665e85053a1175fc0e8acb70ccabc5edb78183cc8e6d6fc782df	1fabe6342ea72e282dbcbbfbf66b1ccce3fc54ddb164492782b7a4c01bc003cf	n/a
h0-c6-n3-devram	esp32c6	reference_node	dev-ram	1420000	28ccb2c31d220d3e0a0407e0e61ccd0e60f7a540fa84b2761bcc8db68aa756d8	dfb479e10d3d2e84cdbfbb968159cc5b845c0369995530d4cc88d1056fe35e5e	n/a
h0-c6-n3-devram-drop-bridge	esp32c6	reference_node	dev-ram	1420208	09de53c511c905cf817a7acd11287aa3eee306773ecb98ef156ccfde486d2e26	dddf8502f96837115651fbcbd08194fc7423223c3158cf64f797b319aef9fff1	n/a
h0-c6-n3-devram-drop-bridge-up	esp32c6	reference_node	dev-ram	1422720	bda9e2470df50d7bef7bbeb86f97cb2892dd0ef48e3b436f920f334c4c732cf2	e9f19e907a00c12ce98dcd097d636b3068bad2be4b8471b56bd8d1b3e739061f	n/a
h0-c6-n3-devram-up	esp32c6	reference_node	dev-ram	1422496	cc8864a6b778993930a96aa16cf5c25747dbc88b892b3de980ad26eb7d4bbf42	299ebe73bf046c1ca361e9e6612033221a8890facad18fa9f30f05edac5cdefd	n/a
h0-ref-c3-member	esp32c3	reference_node	member-edhoc	1287680	7b455f4c7ae32a0358382a34313f28569ddf7989d06e11cc3379f81deb4f38c7	b5aa037c9fc310880bb0c866461a5b7072c973217667239066ba29edec5ece6f	33620
h0-ref-c6-member	esp32c6	reference_node	member-edhoc	1417824	ed78e14ae8731b018a54519674c578a5106b92ba2cb3a3dc7b3b95648ee82de1	3ba3e5c0dcf4a3b4eefce6c8fd4de637ac39ada4e0fef7fa307aa39dc01b26c1	n/a
h0-ref-c6-member-relay	esp32c6	reference_node	member-edhoc	1418016	3d93b490bb0539f1885ee1daabc2d9b959177786e6ce6cc07bfbeb9b69b1e0fb	452eeb450110447d57c2193543e74723c3f0ba069de0554f97df637a985c726d	n/a
h0-ref-c6-member-sleep	esp32c6	reference_node	member-edhoc	1434000	2e30f69a25928258be12fdaeffec9b025b5b597ab3fafec09e39b8c926a8f528	f7ba0b107291d21b771b93afd864e6cc508e3431d946954d414da37ede07d48b	n/a
h0-setup-bridge-c3-devram	esp32c3	bridge_node	dev-ram	336496	350ef26db7bd6bc693bc1d0b17d277e8e09a3a7a8cc64fec97ace352aac36c25	2570e9f0b2804ff32b1c1dba01c5226290902b75c71e5f8acf30cc618bc966f6	238071
h0-setup-bridge-c3-member	esp32c3	bridge_node	member-edhoc	337488	056ae17b99a73ba1ef8954890d9a94ce48d51e71fda33d7d6e0bd717749eda4d	ccec5ded3ef7fdc4f9959975fb0f524ed9e18b9cb1f52a00611278c392e12195	238071
h0-setup-bridge-c6-member	esp32c6	bridge_node	member-edhoc	419456	4b3a7ab621c5e7677d01d6015d9736276be225c3cd27b5735cfdc25831c88c08	59f3b9e2c3a9e5181d2b1e7dd50faca1a94a04179c07aab9101b0cd8ffd05d10	n/a
h0-setup-ref-c3-member	esp32c3	reference_node	member-edhoc	353968	a4e8fd7c198424f7ba7e4078ad7ecb0672aff5d009237fbfd55501e9584a5503	4f2f6de6a85bba41ab98db1fbd8b7f897d36e507e9d6e7c9393d130f71709851	235113
h0-setup-ref-c6-devram	esp32c6	reference_node	dev-ram	434656	80b9a5f3cc8679f1a824e2c6f61c26c29330a095ebb86e5eb9140cb86d09f150	068bfc830172035d2cd0639d1c055be89d87ec871ed83d880cc3d9ff6e3b3d8d	n/a
h0-setup-ref-c6-member	esp32c6	reference_node	member-edhoc	435952	2bbb8bf302153158b5d955d91cee65e4c77eabda8df079418dfe89b928f1cb50	4fb6c34d343d0bf0eb5f64706b19a8391cf389a8834b436f3b78f07bb164af6f	n/a
