label	chip	role	sdk_commit	source_digest	app_bytes	app_sha256	sdkconfig_sha256	static_free
sb-br-plan@f8883bd9(handshake experiment, reverted)	esp32c3	bridge_node	f8883bd9	c2ece5f1c85470e8	1260960	7228f60bdd8336ad1c1f27af9f63bc1e206614e205f370177781a8425475b702	a40912370644e9facee2033856c8ad50298d730ff72fa8462bc046a9230fb36a	34312
sb-rl-feat@f8883bd9(handshake experiment, reverted)	esp32c6	reference_node	f8883bd9	c2ece5f1c85470e8	1345008	08d2902f868c9da53a112b8c7528305833c27a1d3c2c1a1def1f4e6095fb09d7	0f6389c90f268ce4a6e982ec11e52d3151588564aed7b9e8fa2444983be1cd9c	94113
sb-ep-plan@f8883bd9(handshake experiment, reverted)	esp32c6	reference_node	f8883bd9	c2ece5f1c85470e8	1289280	9b1228de9d2b7ab49a82fb4334ec0b6def199d8976b9a2ec4d06b27a34753b68	8556b3d4e48466be468bc3fc1d31e97aa5a8e7f3c8f84652e2227140a7a8846a	162021
sb-br-plan-pre	esp32c3	bridge_node	532fcc11	5c81482ce0ab33bb	1260864	327c0f75f36d1083a5ba5192972ec6313e4404743d1f6c781a147c38e6368639	a40912370644e9facee2033856c8ad50298d730ff72fa8462bc046a9230fb36a	34312
sb-rl-feat-pre	esp32c6	reference_node	532fcc11	5c81482ce0ab33bb	1344912	f1d4b305ba6c00e991e5a65a1e340c258d1a54d5a1e65ceb297adbea8abc6134	0f6389c90f268ce4a6e982ec11e52d3151588564aed7b9e8fa2444983be1cd9c	94113
sb-br-n1	esp32c3	bridge_node	7941de77	a4c9127b10d6d65c	1211776	a81ed1ab28f9b632ccc447e3a2524c3c64c379b608fe9e243c3460e16022cc47	8f6710c97cfddd340cd33fb9d0f2dae093e8cb345572b07bdd974013842105bd	53024
sb-ep-m0	esp32c6	reference_node	5f68c6b6	8c6bf8df15fdd5f5	1239728	bca3072103105167e0f732b1a4dbb47bf35bfc9993d095476a67ec9f9db1a3bf	752602149d5df077b99882e9911126467f2fcfcc3d4868f234da9aa018a11fcf	177205
sb-br-plan@a3692b8d	esp32c3	bridge_node	a3692b8d	623a3ebb6426ef79	1261056	7af8d054db28935b78efb0d472284f2dfe9bcadeb93c8e84dc89367e86679aab	a40912370644e9facee2033856c8ad50298d730ff72fa8462bc046a9230fb36a	34312
sb-rl-feat@a3692b8d	esp32c6	reference_node	a3692b8d	623a3ebb6426ef79	1345072	c92e3c370b17f921065f8bf2c5752f4989a6d4cd67dc5e7f40a56a49a7bf1c18	0f6389c90f268ce4a6e982ec11e52d3151588564aed7b9e8fa2444983be1cd9c	94113
sb-ep-plan@a3692b8d	esp32c6	reference_node	a3692b8d	623a3ebb6426ef79	1289344	d2acdde69369cf2cf03dd7e759f5b2b8b21358a39bdd7c0ff1f6b22e2db61ca6	8556b3d4e48466be468bc3fc1d31e97aa5a8e7f3c8f84652e2227140a7a8846a	162021
sb-br-plan@a859aacc	esp32c3	bridge_node	a859aacc	-	1260864	36cc1e733d715741ae0d2984f71211cbdfea7e6356dfeb3ced6807c2c3c3e9ab	a40912370644e9facee2033856c8ad50298d730ff72fa8462bc046a9230fb36a	34312
sb-rl-feat@a859aacc	esp32c6	reference_node	a859aacc	-	1344912	6257597d02842ef2cfb51fdbac6c6fcd71a28a3bd17f516100a3ef889deb99c0	0f6389c90f268ce4a6e982ec11e52d3151588564aed7b9e8fa2444983be1cd9c	94113
